<?xml version="1.0" encoding="UTF-8"?>
<deploy xmlns="http://www.apache.org/ode/schemas/dd/2007/03" xmlns:sample="http://wso2.org/bps/sample" xmlns:services.core.appfactory.carbon.wso2.org="http://services.core.appfactory.carbon.wso2.org" xmlns:services.mgt.tenant.appfactory.carbon.wso2.org="http://services.mgt.tenant.appfactory.carbon.wso2.org" xmlns:services.mgt.tenant.carbon.wso2.org="http://services.mgt.tenant.carbon.wso2.org">
  <process name="sample:CreateTenant">
    <active>true</active>
    <retired>false</retired>
    <process-events generate="all"/>
    <provide partnerLink="client">
      <service name="sample:CreateTenant" port="CreateTenantPort">
        <endpoint xmlns="http://wso2.org/bps/bpel/endpoint/config" serviceDescriptionReference="SecuredService-service.xml"/>
      </service>
    </provide>
   <!--  <invoke partnerLink="TenantMgtAdminServicePL">
      <service name="services.mgt.tenant.carbon.wso2.org:TenantMgtAdminService" port="TenantMgtAdminServiceHttpsSoap12Endpoint">
        <endpoint xmlns="http://wso2.org/bps/bpel/endpoint/config" endpointReference="./../../../../repository/conf/appfactory/endpoints/TenantMgtService.epr" />
      </service>
    </invoke> -->
    <invoke partnerLink="AppFactoryTenantInfraStructureInitializerServicePL">
      <service name="services.core.appfactory.carbon.wso2.org:AppFactoryTenantInfraStructureInitializerService" port="AppFactoryTenantInfraStructureInitializerServiceHttpsSoap12Endpoint">
        <endpoint xmlns="http://wso2.org/bps/bpel/endpoint/config" endpointReference="./../../../../repository/conf/appfactory/endpoints/AppFactoryTenantInfraStructureInitializerService.epr" />
      </service>
    </invoke> 

  </process>
</deploy>
